,Club,Elo
0,Milan,1901.33459473
1,Juventus,1879.34692383
2,Inter,1851.79602051
3,Udinese,1730.14746094
4,Sampdoria,1711.65600586
5,Parma,1685.8614502
6,Lazio,1666.93151855
7,Roma,1661.82641602
8,Palermo,1659.02124023
9,Siena,1636.08044434
10,Lecce,1628.84301758
11,Chievo,1628.35290527
12,Messina,1623.64013672
13,Reggina,1622.33642578
14,Cagliari,1614.5222168
15,Livorno,1612.59216309
16,Fiorentina,1606.4440918
17,Empoli,1584.25280762
18,Treviso,1489.64416504
19,Ascoli,1472.48620605
