,Club,Elo
0,Milan,1948.81884766
1,Inter,1834.06152344
2,Roma,1768.88574219
3,Fiorentina,1747.22558594
4,Lazio,1729.22119141
5,Palermo,1671.62915039
6,Chievo,1669.66174316
7,Udinese,1660.29504395
8,Parma,1645.33935547
9,Livorno,1631.40356445
10,Sampdoria,1626.33959961
11,Cagliari,1619.43286133
12,Torino,1617.5690918
13,Atalanta,1612.89575195
14,Empoli,1606.65466309
15,Siena,1604.60046387
16,Reggina,1596.68273926
17,Catania,1573.69335938
18,Ascoli,1569.63110352
19,Messina,1568.59851074
