,Club,Elo
0,Inter,1860.10302734
1,Juventus,1829.82434082
2,Milan,1819.16723633
3,Roma,1784.09594727
4,Fiorentina,1744.60449219
5,Udinese,1719.73352051
6,Genoa,1713.73791504
7,Palermo,1678.26171875
8,Cagliari,1655.19274902
9,Sampdoria,1654.36230469
10,Atalanta,1636.83886719
11,Lazio,1636.47998047
12,Chievo,1629.59204102
13,Siena,1624.31408691
14,Parma,1617.82800293
15,Napoli,1612.7232666
16,Bologna,1588.49499512
17,Bari,1587.98413086
18,Catania,1583.9744873
19,Livorno,1582.7097168
