,Club,Elo
0,Juventus,1896.18835449
1,Napoli,1788.27307129
2,Roma,1760.28088379
3,Milan,1719.5246582
4,Fiorentina,1713.41174316
5,Inter,1677.44067383
6,Parma,1663.19287109
7,Lazio,1645.31530762
8,Torino,1638.95678711
9,Udinese,1608.1418457
10,Verona,1584.78991699
11,Atalanta,1584.52001953
12,Palermo,1575.8527832
13,Genoa,1566.31054688
14,Sampdoria,1561.52404785
15,Cagliari,1560.61169434
16,Chievo,1545.97460938
17,Sassuolo,1528.58972168
18,Empoli,1504.98291016
19,Cesena,1458.08496094
