,Club,Elo
0,Juventus,1920.18933105
1,Fiorentina,1750.78430176
2,Napoli,1747.39587402
3,Lazio,1743.90966797
4,Roma,1742.37939453
5,Inter,1693.76550293
6,Milan,1683.60559082
7,Torino,1669.50732422
8,Genoa,1664.92041016
9,Palermo,1621.13183594
10,Sampdoria,1609.17114258
11,Verona,1607.71447754
12,Sassuolo,1600.3470459
13,Empoli,1587.79736328
14,Chievo,1585.65893555
15,Udinese,1573.30371094
16,Atalanta,1570.39343262
17,Carpi,1516.6517334
18,Bologna,1485.4005127
19,Frosinone,1455.24597168
